company,prefer,location,url,tool
웨이커,"• 금융 도메인 경험이 있으신 분
• 주식 투자에 대한 관심과 경험이 있으신 분
• 자연어 처리를 비롯한 AI 기술에 관심이 있으신 분",서울.한국,https://www.wanted.co.kr/wd/183274,"Confluence
Git
GitLab
JIRA
Python
SQL
NLP
AWS"
타이드풀(TIDEPOOL),"• R&D, 납품 용역 과제 수행 및 관리 경험
• AI 관련 석사학위 이상의 연구 경력 또는 그에 준하는 연구 실적",대전.한국,https://www.wanted.co.kr/wd/183049,"Git
Django
Pytorch
HTML
JavaScript
Python
AWS
Docker
PostgreSQL
Kubernetes"
엠에스홀딩스,"• AI 또는 디지털을 활용한 검색, 기사 발굴, 작성 경험자
• 데이터사이언스, 경영정보학 전공자 또는 관련 실무 경험자
• 웹 스크레이핑, 크롤링 등 관련 실무(운영) 경험자",서울.한국,https://www.wanted.co.kr/wd/182955,"Git
React
HTML
JavaScript"
엠에스인포테크,"• AI 또는 디지털을 활용한 검색, 기사 발굴, 작성 경험자
• 데이터사이언스, 경영정보학 전공자 또는 관련 실무 경험자
• 웹 스크레이핑, 크롤링 등 관련 실무(운영) 경험자",서울.한국,https://www.wanted.co.kr/wd/182913,
엠에스투데이,"• AI 또는 디지털을 활용한 검색, 기사 발굴, 작성 경험자
• 데이터사이언스, 경영정보학 전공자 또는 관련 실무 경험자
• 웹 스크레이핑, 크롤링 등 관련 실무(운영) 경험자",서울.한국,https://www.wanted.co.kr/wd/182617,
엠에스투데이,"• AI 또는 디지털을 활용한 검색, 기사 발굴, 작성 경험자
• 데이터사이언스, 웹 스크레이핑, 크롤링 등 관련 실무(운영) 경험자
• 웹 스크레이핑, 크롤링 등 관련 실무(운영) 경험자",서울.한국,https://www.wanted.co.kr/wd/182615,
코인원(coinone),"• 가상자산 산업에 관심과 이해가 있는 분
• 데이터 적재 및 활용을 위한 프로세스 개선 및 프로젝트 수행 경험이 있는 분
• 대내외 다양한 조직과 유연하게 소통하고 적극적으로 협업하실 수 있는 분
• 금융 회사에서 데이터 조회와 보고서 작성 및 검증 업무 경험이 있는 분
• BigQuery, Mysql, dbt, Jupyter Notebook 사용 경험이 있는 분

---------------------------------------------------------------------------------------",서울.한국,https://www.wanted.co.kr/wd/182506,"MySQL
Python"
카테노이드,"• Spark, Kafka, Airflow 등 빅데이터 솔루션 경험 우대
• AI 관련 경험 우대",서울.한국,https://www.wanted.co.kr/wd/182362,
디토닉,"- 컴퓨터 공학 관련 학과 전공
- Full stack 개발자 
- Spring Security 구성 가능
- MSA 설계, 개발, 구축, 운영 가능 
- DB Schema 설계, SQL 및 Index Tuning 능숙 
- 오픈소스 프로젝트 개발 경험
- 솔루션 개발 및 론칭 경험
- AWS,Azure,N Cloud 등 클라우드 및 컨테이너 환경 개발/운영 능숙
- 새로운 분야에 대한 도전에 적극적인 분",경기.한국,https://www.wanted.co.kr/wd/182130,"Linux
컴파일러
알고리즘 개발
네트워크 개발"
올릿,"• D2C 커머스에서 Data 수집 및 분석 경험이 있으신 분
• 주요 지표 개선을 위한 가설을 세우고, 테스트하여 직접 개선해 본 경험이 있으신 분
• Funnel, Cohort, LTV 등 Data 분석 방법론에 높은 이해도와 관심을 보유하신 분",서울.한국,https://www.wanted.co.kr/wd/182124,"HTML
CSS 자바 스크립트"
헥토,"• Java 언어 개발 능력과 Linux/shell을 자유롭게 다루시는 분
• 대용량/분산 처리 환경(Hadoop, Kafka, Spark, Elasticsearch 등) 운영 및 개발 경험
• 다양한 문제에 대한 알고리즘 개발과 창의적 사고를 가지고 있는 분
• 컴퓨터 과학 (Computer Science), 컴퓨터 공학 (Computer Engineering) 및 관련 분야 전공",서울.한국,https://www.wanted.co.kr/wd/181917,"JavaScript
Python"
카카오헬스케어,"• 의료시스템(EMR, HIS 등) 관련 DB를 운영한 경험이 있으신 분
• CDM, HL7 FHIR와 같은 의료 IT 데이터 표준에 대한 지식을 보유하신 분
• 하둡 에코시스템(Hadoop-Ecosystem)과 에어플로우(Apache Airflow)를 사용해 보신 분
• 구글 클라우드 플랫폼 사용 경험을 보유하신 분
• 쿠버네티스를 활용할 수 있으신 분
• 데이터 비식별화(de-identification) 경험을 보유하신 분
• Change Data Capture 경험이 있으신 분
• 실시간 스트리밍 데이터 적재에 대한 경험이 있으신 분",경기.한국,https://www.wanted.co.kr/wd/181514,"React
VueJS
TypeScript
HTML5
CSS3
Angular"
콜로세움코퍼레이션,"• DB 모니터링 프로세스 구축 및 관제 경험이 있는 분
• SQLD , DAP, DAsp 자격증 소유하신 분
• 이커머스 물류 또는 WMS, ERP 경험이 있으신 분",서울.한국,https://www.wanted.co.kr/wd/181471,
비비티에이아이코리아,"• Free Lunch : 오피스 업무시 점심은 무료!
• Medical Checkup : 본인, 배우자, 부모님 건강검진 커버
• Flexable Hours : 자유로운 출퇴근 및 재택근무
• Self-Development : 자기계발에 대한 회사 지원",서울.한국,https://www.wanted.co.kr/wd/181337,
와이더플래닛,"1. Production 하둡 에코시스템, Elasticsearch 개발 및 운영 경험 
2. On-premise 환경에서 오픈소스 플랫폼 / 프레임워크 베이스로 개발 및 운영 경험
3. Cloud(AWS, GCP 등) 환경에서 개발 및 운영 경험",서울.한국,https://www.wanted.co.kr/wd/181098,"Slack
Hadoop
Spark
Jenkins
ElasticSearch
Kubernetes"
브레인커머스,"• Statistics, Econometrics, Applied Science, Operational Research를 전공하신 분
• Data Governance 도입 및 구축에 대한 전반적이고 직접적인 경험이 있으신 분
• GCP Data Engineer 관련 자격을 보유하신 분
• DAP, DAsP 자격을 보유하신 분 (Data Architecture)


[전형 프로세스]
• 서류전형 -＞ 1차 실무 인터뷰 -＞ 2차 협업부서 인터뷰 -＞ 3차 CDO 인터뷰
* 진행 과정에서 필요 시, 전형단계 감소 또는 추가 될 수 있습니다.


[제출서류]
• 이력서, 포트폴리오",서울.한국,https://www.wanted.co.kr/wd/180837,
알티엠,"• 개념 및 고려 사항을 전달할 수 있는 의사소통 능력
• 정보 및 분석 결과를 효과적으로 전달하기 위한 자료 작성 능력",서울.한국,https://www.wanted.co.kr/wd/180586,"Git
Linux
Pytorch
Python"
웨이즈원,"• Big Data 기반 처리 경험 (Hadoop, Spark 등)
• Database(RDBMS)의 다양한 Query를 수행 및 이해
• WebGL 개발 경험
• 소프트웨어 관련 전공자

--",경기.한국,https://www.wanted.co.kr/wd/180491,"Pytorch
Tensorflow
C / C++
Java
Python
GIS
OpenCV
네비게이션 시스템
GIS 시스템
GIS 응용 프로그램"
플랜잇헬스케어,"- 영어 / 일어 가능하신 분
- 의료IT 관련 전공자
- 병원 의료정보시스템  또는 CDW 개발/운영 경험",서울.한국,https://www.wanted.co.kr/wd/180362,
모라이(MORAI),"• 석/박사 학위 소지자
• AI 관련 개발 / 연구 경험 (자율 주행 분야 선호)
• 자동차 또는 시뮬레이터 관련 업계 근무 경력
• DevOps / MLOps에 대한 이해 및 시스템 구축 경험 (KubeFlow)
• OpenLabel, OpenDRIVE, OpenSCENARIO, Open Simulation Interface 등 자율주행 분야 표준에 대한 지식
• 클라우드 서비스 환경 구축 경험 (AWS, Azure, etc.)
• 원활한 외국어 사용 능력",서울.한국,https://www.wanted.co.kr/wd/180030,
프로보티브(Provotive),"• 관련 분야 석사 학위, 박사 학위 보유자.
• 생성형 이미지 모델에 대한 경험.
• 스타트업 근무 경험자.",서울.한국,https://www.wanted.co.kr/wd/179903,"Pytorch
Tensorflow
Java
Python
SQL
C++
3D"
아이오크롭스,"- Python 언어를 능숙하게 사용할 수 있으신 분
- 기획부터 생산까지 로봇 개발의 전 과정을 경험해 보신 분
- 자율주행 로봇과 관련된 프로젝트 경험이 있으신 분
- 로봇 매니퓰레이터의 path planning 개발 경험이 있으신 분
- 정부 지원 과제 수행 경험이 있으신 분
- Ag-Tech에 대한 기본적인 이해나 관심이 있으신 분 (농업 관련 지식이 필수는 아니에요!)",서울.한국,https://www.wanted.co.kr/wd/179020,"Github
Pytorch
React
Tensorflow
Python
TypeScript
C++
SASS
ROS
Next.js"
티맵모빌리티,"• 수천 TPS 이상의 실시간 트래픽을 처리한 경험이 있으신 분
• 분산처리 환경에서 개발과 디버깅을 경험해보신 분
• AWS 사용이 능숙하고, AWS상의 시스템 구축 경험을 보유하신 분
• 시스템 모니터링 지표 획득 / 대시보딩 / alert 체계 구축 및 필요 지표 설계 경험이 있으신 분
• 네트워크, OS, 프로그램 동작 방식에 대한 기본기가 탄탄하신 분
• 오픈소스에 기여하거나 코드레벨에서 문제점을 찾아보신 분
• k8s 환경에서의 개발, 운영이 익숙하신 분
• 전반적인 운영 환경에서(Emr, airflow) 트러블 슈팅에 능숙하신 분
• 코드 품질 관리에 관심이 많으신 분",서울.한국,https://www.wanted.co.kr/wd/178983,"OpenGL
Java
AWS
RDBMS"
이몰디노(eMoldino),"[이런 경험이 있으시면 우대해요]
• 대용량 트래픽을 안정적이고 빠르게 처리할 수 있도록 고민하고 개발해본 경험이 있으신 분을 우대해요.
• 프레임워크 혹은 공통기능을 개발한 경험이 있으신 분을 우대해요.
• AWS 등의 클라우드 기반 서비스를 개발 및 운영 경험이 있는 분을 우대해요.
• MSA(Micro Service Architecture), EDA(Event Driven Architecture)에 대한 경험 또는 관련 기술에 대한 이해가 있으신 분을 우대해요.
• Spring Framework 기반 B2C 서비스 개발 경험이 있으신 분을 우대해요.
• 공급망 관리 솔루션(SCM), 스마트팩토리(Smart Factory)등의 산업 기반의 도메인 지식을 가지고 계신 분을 우대해요.
• 영어 회화가 유창하신 분을 우대해요.",서울.한국,https://www.wanted.co.kr/wd/178648,"Git
React
JavaScript
TypeScript
HTML5
CSS3
Svelte
Vue.JS"
위메이드(WEMADE),"• DBMS 모니터링툴, 관리도구 개발 경력 있으신 분
• SQL 작성 및 최적화 능력을 보유하신 분
• 성능 최적화 관련 역량을 보유하신 분
• DBMS 관련 문제 해결 및 대응 능력을 보유하신 분
• 원활한 업무 커뮤니케이션 능력을 보유하신 분",경기.한국,https://www.wanted.co.kr/wd/178342,
위메이드(WEMADE),"• 컴퓨터공학, 수학, 통계 관련 전공자
• 주도적으로 문제 찾고 해결하시는 분
• 항상 성장을 위해 고민하시는 분
• MongoDB, MySQL, Azure, Superset 경험 보유하신 분",경기.한국,https://www.wanted.co.kr/wd/178341,
그린랩스,"• 로그 수준의 데이터 가공, 분석, 모델링, 서비스 구현까지의 전체 ML 프로세스 경험이 있으신 분
• AWS 또는 GCP 사용 역량을 보유하신 분
• Docker, Airflow등의 운영 도구 사용 역량을 보유하신 분
• 데이터 분석 주제나 이슈에 대한 부서간 커뮤니케이션에 훌륭한 역량을 보유하신 분
• 소셜 플랫폼, 이커머스, 물류 및 유통 데이터 경험이 있으신 분",서울.한국,https://www.wanted.co.kr/wd/178294,"Git
Github
JIRA
GraphQL
MySQL
React
Clojure
JavaScript
Google Analytics
Tableau
AWS
Docker
GCP
React Native"
페이히어,"• AWS, GCP 클라우드 환경에 대한 이해와 경험을 보유한 분을 찾습니다.
• 대용량 데이터 ETL 파이프라인 개발 경험이 있으시면 더 좋습니다.
• Spark, Airflow, BigQuery 등의 기술 사용경험이 있으시면 더 좋습니다.
• 금융 시장 도메인 지식이 있으시거나, 관련 업계 경험이 있으시다면 더욱 좋습니다.",서울.한국,https://www.wanted.co.kr/wd/178279,
페이히어,"• 데이터 분석을 기반으로 의사결정을 진행한 경험이 있으시면 더 좋습니다.
• Python, R 등의 데이터 관련 프로그래밍에 대한 경험이 있으시면 더 좋습니다.
• 데이터 시각화 관련 서비스나 BI(Business Intelligence) 툴을 사용해 본 경험이 있으시면 더 좋습니다.
• 통계학, 금융공학 등의 석박사 학위를 소지하신 분이면 더 좋습니다.",서울.한국,https://www.wanted.co.kr/wd/178145,
캐롯손해보험,"• BI 툴 활용 및 Hadoop에 대한 연동을 이해하신 분이면 좋아요.
• BI 업무의 보다 효율적인 적용을 위한 경험을 보유하신 분이면 더 좋아요.
• 시스템 구성상 전통적인 리포트툴로 적용하는 것보다 효율적인 오픈소스를 사용한 일부 실시간성 리포트 생성 관리를 하시는 분이면 좋아요.",서울.한국,https://www.wanted.co.kr/wd/177950,"Oracle
SQL"
쿠팡,"- AWS, GCP 등 클라우드 환경에서 데이터 인프라 설계 및 개발 운영 경험 
- 프로젝트 및 이니셔티브 리딩 경험 
- Hadoop, Presto, Hive, Spark 이용한 서비스 개발 및 운영 경험 
- Snowflake 및 Databricks 유경험자 우대",서울.한국,https://www.wanted.co.kr/wd/177224,"SQL
Data Analysis
Power BI
Tableau"
알티엠,"- 반도체 등 제조 공정에 대한 경험 및 이해
- 개념 및 고려 사항을 전달할 수 있는 의사소통 능력
- 정보 및 분석 결과를 효과적으로 전달하기 위한 자료 작성 능력",서울.한국,https://www.wanted.co.kr/wd/176470,"Git
Linux
Pytorch
Python"
구름,"[우대 사항]
 • 석사 학위 이상의 학력이 있는 분 (졸업 예정자 가능)
 • AI 분야의 논문을 보고 이해하며, 구현할 수 있는 분
 • AI 분야에서 주요 학회 및 저널에 논문 게재 실적이 있는 분
 • Kaggle 등 AI Competition 수상 혹은 상위 실적이 있는 분
 • 관련 분야 오픈 소스 기여 경험이 있는 분

[채용 과정 안내]
 • 서류 검토 - 1차 면접(화상) - 미션 수행 - 인성 검사 및 2차 면접(대면) - 처우 협의 및 채용 확정
 • 채용 상황에 따라, 전형이 축소/확대 될 수 있습니다
 • 서류검토 결과는 합격/불합격 여부와 관계없이 모든 분께 안내해 드리고 있습니다

[지원 방법 안내]
 • 제출 서류 : '(필수)이력서' 와 '(선택)포트폴리오'
 • 양식 형태 : 자유 양식(PDF 파일), URL 첨부 가능",경기.한국,https://www.wanted.co.kr/wd/176211,"Git
MongoDB
React
Redis
HTML
Java
JavaScript
Node.js
SQL
AWS
HTTP
jQuery
DevOps
ElasticSearch
NodeJS
서버 관리
서버 아키텍처"
포티투닷(42dot),"• 대규모 데이터 가공, 운영 경력 보유
• 데이터 분석을 위한 Python 구사 및 역량을 보유하신 분
• 운영 시스템 기획 및 인력 운영을 경험하신 분
• 의사결정에 필요한 데이터를 식별 및 가공하여 그 기반으로 최선의 결과를 선택 및 실행할 수 있는 분
• 협업을 통해 변화에 대응하며 제품을 만드실 수 있으신 분
• JIRA, Confluence, Slack, Git 등 협업/생산성 도구를 이해하고 효과적으로 활용 가능 하신 분",서울.한국,https://www.wanted.co.kr/wd/176197,"Azure
Java
Python
Scala
AWS
Docker
GCP
Kubernetes"
골든플래닛,"ㆍSI프로젝트 수행 경험이 있으신 분
ㆍETL , BI툴, DW구축, ESB 경험자 우대
ㆍFull-Stack 개발자 우대
ㆍ쿼리 능숙자 우대
ㆍ관련 학과 전공자 우대
ㆍ전자정부프레임워크 경험자 우대
ㆍ다양한 DBMS 경험자 우대
ㆍ새로운 기술 습득이나 연구에 대한 의욕이 있으신 분",서울.한국,https://www.wanted.co.kr/wd/176126,"C#
Java
Python
SQL
Data Analysis
BI
Tableau
개발
데이터베이스
SQL 서버
API
모델링
데이터 분석
설계
데이터 구조
데이터베이스 설계
데이터베이스 관리
데이터 입력
데이터 통합
연구 및 개발
데이터베이스 개발
기술 개발
기술 관리
QlikView
데이터 수집
Datastage
연구 설계
모델링 및 시뮬레이션
정부 업무
연구 관리
SQL DB2
SQL Azure
데이터베이스 관리
전자정부프레임워크"
온누리아이코리아,"• R&D 사업 수행 경험이 있으신 분
• 풀스택 개발이 가능하신 분
• 컴퓨터 / 시스템 공학, 전기 / 전자 공학 , 통계학 등 관련 학과 전공자",서울.한국,https://www.wanted.co.kr/wd/176124,"Github
JavaScript
Python
SQL
NLP
Google Analytics
MS 오피스
API
ElasticSearch
Spring Framework"
골든플래닛,"ㆍ웹 크롤링(스크래핑) 개발 경험이 있으신 분
ㆍ데이터베이스(RDBMS, NoSQL) 관련 경험이 많으신 분
ㆍGCP 등의 클라우드 기반 서비스 개발 경험이 있으신 분
ㆍDocker, Kubernetes 관련 개발 경험이 있으신 분
ㆍELK stack(Elastic Search, Logstash) 관련 개발경험이 있으신 분",서울.한국,https://www.wanted.co.kr/wd/176121,"C#
Java
Python
SQL
Data Analysis
BI
Tableau
개발
데이터베이스
SQL 서버
API
모델링
데이터 분석
설계
데이터 구조
데이터베이스 설계
데이터베이스 관리
데이터 입력
데이터 통합
연구 및 개발
데이터베이스 개발
기술 개발
기술 관리
QlikView
데이터 수집
Datastage
연구 설계
모델링 및 시뮬레이션
정부 업무
연구 관리
SQL DB2
SQL Azure
데이터베이스 관리
전자정부프레임워크"
어니스트펀드,"• Python활용 Machine Learning 모형 개발 및 분석 가능하신 분
 • 금융기관 프로젝트(CSS/Basel II 등) 경험이 있으신 분
 • 새로운 개발기술에 관심이 많고, 이를 습득하는데 거부감이 없으신 분",서울.한국,https://www.wanted.co.kr/wd/176033,Python
케이티넥스알(KTNexR),"• shell, python 등 서버 관리용 스크립트 작성 가능
• ansible, chef, Puppet과 같은 클러스터 오케스트레이션 도구 활용 경험
• Hadoop 및 Hadoop Eco 활용 가능( hdfs, Spark, Hive, Presto, Zookeeper,Yarn 등)
• 프로그래밍 개발 경험 (Java, Python 등)
• Technical architect 수행 경력 보유
• Linux container 기반의 시스템 구축/ 운영 경험또는 가능자
• Ceph 분산 스토리지 구축/ 운영 경험또는 가능자
• IT 인프라 모니터링에 대한 지식 보유
• Kubernetes operator 구축/운영 경험 또는 가능자",서울.한국,https://www.wanted.co.kr/wd/175855,
누비랩,"[이런 경험이 있다면 더 좋습니다]
• Data Warehouse 환경 경험, Data Mart 설계, 구축 경험 있으신 분
• 데이터 관련 문제 해결 경험 있으신 분
• 해결하고자 하는 문제에 맞게 올바른 아키텍처를 설계할 수 있으신 분
• 동료와의 원활한 커뮤니케이션 및 피드백을 통한 협업 경험이 있으신 분

[기술 스택]
• AWS (EKS, Glue, Redshift, EMR, Athena, S3, RDS)
• Spark, Kafka, Hadoop Ecosystem, Ceph
• Kubernetes, Trerraform, ArgoCD, Github Actions, Istio
• FastAPI, MySQL, Mongodb, MinIO, Airflow, Jenkins
• 협업툴 : Slack, Notion, Github, Google Docs

[이런 성향을 가진 분과 함께하고 싶어요]
• 탁월함에 대한 강한 열망이 있는 분을 선호합니다. 높은 목표를 설정하고 문제를 해결하기 위해 집요하게 파고드는 분, 그 과정에서 누구보다 빠르게 성장하는 분들과 함께하고자 합니다. 
• 여러 관점과 맥락을 파악할 수 있는 분들을 선호합니다. 조직, 팀, 서비스 관점에서 목표와 해결하고자 하는 문제가 무엇인지 정의할 수 있는 분과 함께하고자 합니다.
• 상대방을 존중하면서도 본질에 집중하는 의사소통을 잘 하실 수 있는 분을 선호합니다. 

[근무 조건은 다음과 같아요]
• 근무형태 : 정규직 (프로베이션 기간 3개월 / 급여 100% 지급)
• 근무지 : 서울특별시 강남구 테헤란로 625 덕명빌딩 6층 (삼성역 도보 3분)
• 근무요일/시간: 주 5일(월~금) / 주 40시간(8시-11시 시차자율출근)
• 처우 및 보상 : 개인의 역량, 경험을 바탕으로 인터뷰 후 협의해요",서울.한국,https://www.wanted.co.kr/wd/175149,"Framer
Github
JIRA
Slack
React
Node.js
Python
TypeScript
AWS
Docker
OpenCV
NumPy
React Native
Figma
Notion
Nest.js"
크래프톤(Krafton),"- PUBG Mobile 또는 NEWSTATE 플레이 경험자 또는 모바일 게임 플레이를 즐기시는 분
- Tableau, Python, SQL에 대한 우수한 역량을 지니신 분
- 통계/머신러닝 등 다양한 분석 기법을 활용한 데이터 분석 경험이 있으신 분
- 대용량 데이터처리 경험이 있으신 분


필요 서류를 확인해주세요!
- 입사지원서 (자유 양식), 자기소개서, 경력기술서, 포트폴리오(필요시)",서울.한국,https://www.wanted.co.kr/wd/174981,
루먼랩,"• Computer Vision 관련 직무 경험(Object Detection, Pose Estimation, Action Recognition, Action Quality Assessment)
• 딥러닝 모델 배포, 운영 경험
• Dacon, Kaggle 그 외 인공지능 경진대회 입상 경험
• ONNX 사용자 우대
• slack, notion 잘 활용하는 분",서울.한국,https://www.wanted.co.kr/wd/174937,"B2C
MySQL
Java
Node.js
API
Spring Boot"
클로인트,"• 블록체인 및 암호화폐 관련 기업 근무 경력
• 빅데이터 관련 기업 근무 경력
• 관련 대회 입상, 수상 경력
• 통계분석, 머신러닝 등 관련 분야 석/박사 학위 소지자
• 상위 수준의 영어 의사소통 및 문서 작성 능력",서울.한국,https://www.wanted.co.kr/wd/174913,"Hadoop
MongoDB
MySQL
Spark
Python
R
Tableau
Jenkins
PostgreSQL
Neo4j"
클로인트,"• 온체인 데이터 DB 구축 경험
• 블록체인 및 암호화폐에 대한 높은 이해도
• 온체인 데이터 분석 툴(Dune Analytics, Messari 등) 사용 경험
• 영어 의사소통 및 문서 작성에 어려움이 없는 분",서울.한국,https://www.wanted.co.kr/wd/174907,"Hadoop
MongoDB
MySQL
Spark
Python
R
Tableau
Jenkins
PostgreSQL
Neo4j"
펑타이그레이터차이나(피티코리아),"- 영어 가능하신 분
- 빅데이터 플랫폼 구축, 운영 경험 있으신 분",서울.한국,https://www.wanted.co.kr/wd/174634,AWS
드래프티파이,"• AI 분야 학위 및 연구 성과 보유

• 게임 방송 콘텐츠 분야에 대한 높은 관심 혹은 경험

• 데이터 사이언스 관련 경험",서울.한국,https://www.wanted.co.kr/wd/174586,"Django
Pytorch
Tensorflow
Python
AWS
PostgreSQL
Vue.JS"
에너닷,"• 데이콘, Kaggle등의 데이터 경진대회 수상 경력 (데이터 예측, anomaly detection)
• 신재생에너지 산업에 대한 이해 및 관심이 있는 분",서울.한국,https://www.wanted.co.kr/wd/174202,"Git
React
HTML
Python
SQL
AWS
HTTP
Next.js
Restful API"
한국신용데이터(KCD),"• 추천 시스템을 구축하고 서비스에 적용했던 경험이 있으신 분
• 대용량 데이터 분산 처리에 대한 이해와 빅데이터 분석 플랫폼 사용 경험이 있으신 분",서울.한국,https://www.wanted.co.kr/wd/173139,
티오더,"• 여러 벤더의 POS 장비와 연동 경험이 있으신 분
• 여러 IoT 및 로봇 장비 연동 경험이 있으신 분
• AWS 운영 경험이 있으신 분
• Python/Rust/Typescript 등 컴퓨터 언어에 익숙한 분
• 웹 서비스에 대한 이해도가 높으신 분
• NoSQL (Redis, 엘라스틱서치 등)에 대한 운영 경험이 있으신 분
• Git/노션/슬랙 및 기타 협업 툴에 대한 이해도가 높으신 분",서울.한국,https://www.wanted.co.kr/wd/172929,"Node.js
AWS
DevOps
NodeJS"
하나금융티아이,"· 정보보안 관련 Compliance 이해자 우대
· 리눅스 활용 능력 중급 이상 우대  
· 관련업무 경력 3년 이상 우대",인천.한국,https://www.wanted.co.kr/wd/172820,
티비유,"• AWS/Kubernetes 환경에서의 ETL 파이프라인 구축 경험
• EMR(Hadoop Ecosystem)에 대한 이해, 혹은 EMR 구축 및 운영 경험 보유
• Kafka/Spark/Elasticsearch(Opensearch)/Lucene/Redis/MongoDB/RDB 등의 데이터베이스 및 데이터 처리 어플리케이션의 특성에 대해 이해하고, 이를 활용한 개발 경험을 보유하신 분
• 데이터 기반 서비스 개발에 대한 문제 정의 ＞ 모델링 ＞ 데이터 파이프라인 구축 및 모델 서빙 개발 ＞ 운영 및 검증까지 전 과정에 대한 이해와 경험을 보유하신 분",서울.한국,https://www.wanted.co.kr/wd/172270,"Git
Android
Hadoop
iOS
Spark
Java
JavaScript
Kotlin
Python
Swift
TypeScript
MVVM
AWS
Docker
Spring Framework
Android Studio
React.js
Figma
Kubernetes"
아스타,"• 생성 인공지능 연구개발 경험
• AI 관련 Top-Tier 학회 및 논문 게재 경험
• ML Competition 입상자",서울.한국,https://www.wanted.co.kr/wd/170886,"Pytorch
Tensorflow
Python"
쇼퍼하우스,"이런 능력이 있으시면 좋아요
· 이커머스 관련 예측 및 최적화 프로젝트 경험
· AI 모델 개발 후 서비스 배포 등 상용 서비스 구현 경험
· 인공지능 관련 SCI급 저널 논문 저자
· Kaggle 등 AI 관련 Challenge 수상자
· API Framework에 대한 경험
· CI/CD, MSA관련 프로젝트 경험",서울.한국,https://www.wanted.co.kr/wd/169596,"Github
React
CSS
HTML
JavaScript
TypeScript
AWS
Docker
Next.js"
코넥시오에이치,"• DB 튜닝 및 SQL 쿼리 최적화 경험이 있으신 분
• Docker Swarm, Kubernetes 같은 컨테이너 오케스트레이션 시스템에서 서비스 운영 경험이 있으신 분
• Tableau, Redash, Grafana 등 대시보드 및 BI툴을 이용한 데이터 시각화 경험이 있으신 분
• MLOps 관련 구축 또는 활용 경험이 있으신 분
• 알고리즘, 데이터구조, OS, 데이터베이스 등 기본적인 전산 지식에 대한 이해를 갖추신 분
• 웹 크롤링 경험이 있으신 분",서울.한국,https://www.wanted.co.kr/wd/169465,"Linux
Python
SQL
AWS
Docker
Shell Scripting
RDBMS
ElasticSearch"
이글루코퍼레이션,"ㆍOT/ICS 관련 프로젝트 수행 경험자
ㆍ정보보안 관련 자격증 보유자 (CISA, CISSP 등)
ㆍ유관학과 졸업자 (정보보안, 산업보안, 컴퓨터공학 등)",서울.한국,https://www.wanted.co.kr/wd/169048,"Hadoop
Linux
React
C / C++
JavaScript
Python
SQL
C++
Docker
Spring Framework
MSSQL
Kubernetes
Kubeflow"
오케스트로,"• 정부 R&D 과제 수행 경험이 있으신 분
• 클라우드에 대한 이해도가 높으신 분
• 타부서 혹은 타기관과도 원활히 커뮤니케이션 및 협업 할 수 있으신 분
• 문서작성능력이 우수하신 분 (HWP/Word/PPT/EXCEL 위주의 문서 작성 등)",서울.한국,https://www.wanted.co.kr/wd/167808,"Linux
Python
Golang
Restful API"
페토바이오,"- 의료분야(보건의료, 수의학 등) NLP, ML/DL 프로젝트 진행 경험
- 자연어 처리분야 석사 이상 또는 관련분야 논문참여 경험
- 병원 의료시스템을 이해하고, EMR/PACS 등 경험
- BERT기반 자연어 fine-tuning 및 경량화를 통한 API 구축/런칭 서비스 경험
- Transformer를 활용한 자연어 처리 모델링 경험",서울.한국,https://www.wanted.co.kr/wd/167382,
제로원에이아이,"• 상용서비스 개발/ 배포 / 관리
• LLM fine-tuning경험, LLMOps 구축경험, LangChain 개발경험, CKA, CKS, CNCF, CNCF 에코시스템 개발경험, Golang서버개발경험, 빅데이터(Big Data) 에코시스템 개발경험, AI 파이프라인경험(MLOps, AIOps, CI/CD), AWS 등 클라우드 서비스경험, Database/API 개발경험, 데이터센터인프라개발경험, 블록체인 프로젝트 개발경험, AI모델개발 경험(캐글 및 주요대회 상위입상), AI 모델서빙 및 운용경험, 탑티어 컨퍼러스 및 저널 출판 경험, 보안AI(secure AI, federated learning)개발경험, 시계열데이터 AI 개발경험, 인과추론 AI 개발경험, MOOC(cs329s, cs231n, cs224n)",경기.한국,https://www.wanted.co.kr/wd/166683,Python
콘텐츠웨이브(wavve),"• MSA 설계 및 적용 경험이 있는 분
• (또는) 회원/인증 시스템 개발 경험이 있는 분
• (또는) 상품/빌링 시스템 개발 경험이 있는 분
• Redis 등 Document 캐시 이용 개발 경험이 있는 분
• 도메인 기반 설계(DDD)가 능숙한 분
• node.js, go 언어를 활용한 개발 경험이 있는 분 


근무조건
• 고용형태 : 정규직(수습 3개월, 급여 100% 지급)
• 근무장소 : 서울시 영등포구 여의나루로 60, 포스트타워
• 급여조건 : 회사내규 및 별도 협의

합류 여정
서류 전형 ＞ 코딩테스트 ＞ 1차인터뷰 ＞ 2차인터뷰 ＞  합류
• 1차인터뷰는 별도의 과제 및 코드 리뷰 형태로 진행됩니다.
• 세부 내용은 서류 합격자에 한하여 안내드릴 예정입니다.

유의사항
• 전형 절차는 상황에 따라 변동될 수 있습니다.
• 서류전형 합격자에 한해 SKCT(인성검사)가 진행될 수 있습니다.
• 해당 공고는 모집 완료 시 조기 마감될 수 있습니다.
• 허위사실 기재 시, 채용이 취소될 수 있습니다.",서울.한국,https://www.wanted.co.kr/wd/165983,"Asana
Confluence
JIRA
GraphQL
Hadoop
MongoDB
Redis
Spark
VueJS
CSS
Java
JavaScript
Kotlin
Node.js
Python
SQL
Swift
Data Analysis
MVVM
Tableau
NoSQL
Apache
카산드라
ElasticSearch
NodeJS
Golang
RESTful WebServices
MSSQL"
콘텐츠웨이브(wavve),"• NOSQL 운영 경험(elasticsearch, mongo, cassandra, redis)이 있는 분
• 클라우드 환경 데이터베이스로의 마이그레이션 경험이 있는 분
• Python, golang 등 개발 언어 활용 또는 이해가 가능한 분
• 협업 및 소통에 적극적이고 긍정적인 마인드를 가진 분
• 데이터베이스 New Feature에 대해 관심이 많은 분


근무조건
• 고용형태 : 정규직(수습 3개월, 급여 100% 지급)
• 근무장소 : 서울시 영등포구 여의나루로 60, 포스트타워
• 급여조건 : 회사내규 및 별도 협의

합류 여정
서류 전형 ＞ 1차인터뷰 ＞ 2차인터뷰 ＞  합류
• 1차인터뷰는 테스트 진행 및 리뷰의 형태로 진행됩니다.
• 세부 내용은 합격자에 한하여 안내드릴 예정입니다.

유의사항
• 전형 절차는 상황에 따라 변동될 수 있습니다.
• 서류전형 합격자에 한해 SKCT(인성검사)가 진행될 수 있습니다.
• 해당 공고는 모집 완료 시 조기 마감될 수 있습니다.
• 허위사실 기재 시, 채용이 취소될 수 있습니다.",서울.한국,https://www.wanted.co.kr/wd/165970,"Asana
Confluence
JIRA
GraphQL
Hadoop
MongoDB
Redis
Spark
VueJS
CSS
Java
JavaScript
Kotlin
Node.js
Python
SQL
Swift
Data Analysis
MVVM
Tableau
NoSQL
Apache
카산드라
ElasticSearch
NodeJS
Golang
RESTful WebServices
MSSQL"
씨엔알리서치,"Agile / Scrum 방법론 및 그 안에서의 QA활동
품질 엔지니어 또는 품질 심사원과 같은 전문 인증
임상 / 의료 / 제약 산업 내 경력",서울.한국,https://www.wanted.co.kr/wd/165312,"AWS
NoSQL
Spring Framework
클라우드 응용 프로그램
도메인 관리
라이브러리 관리
Restful API"
튜닙,"• 관련 학과 전공자
• 해당 직무 근무 경험자",경기.한국,https://www.wanted.co.kr/wd/163203,"Confluence
Git
JIRA
Flask
Python
SQL
AWS
PostgreSQL
RESTful WebServices
Notion
Redmine
FastAPI"
클라모스,"■ 우대사항
 - Deep learning framework (Pytorch, Tensorflow 등) 사용 가능자
 - Computer vision 또는 Machine learning 관련 논문 / 특허 작성 경험자
 - Multi-modal (Image + Text) Learning 경험자
 - Machine learning model 배포 경험자",서울.한국,https://www.wanted.co.kr/wd/163031,Python
티오더,"여러 벤더의 POS 장비와 연동 경험이 있으신 분
여러 IoT 및 로봇 장비 연동 경험이 있으신 분
AWS 운영 경험이 있으신 분
Python/Rust/Typescript 등 컴퓨터 언어에 익숙한 분
웹 서비스에 대한 이해도가 높으신 분
NoSQL (Redis, 엘라스틱서치 등)에 대한 운영 경험이 있으신 분
Git/노션/슬랙 및 기타 협업 툴에 대한 이해도가 높으신 분",서울.한국,https://www.wanted.co.kr/wd/162905,"Node.js
AWS
DevOps
NodeJS"
카티어스,"• 오픈소스 코드를 자유롭게 수정하고 활용할 수 있는 능력이 있는 분
• 문제 해결에 필요하다면 분야를 가리지 않고 기술을 습득하려는 의지와 욕심이 있는 분
• API화 및 배포까지 할 정도로 Python 사용에 능숙하신 분
• SQL, Python, R 등 통계/분석 프로그램을 능숙하게 다룰 수 있는 분
• 추천 모델을 직접 개발하고 서비스한 경험이 있으신 분
• 머신러닝 등 최신 알고리즘을 활용한 실제 비즈니스 문제 해결 경험이 있는 분
• 시각화 도구, 모델 최적화, 프로파일러, 서빙, 프로덕션 파이프라인 등의 딥러닝 도구 생태계 활용 경험이 있는 분
• 서비스 개선을 위한 실험 설계 및 분석 경험(A/B Test 설계 분석)이 있으신 분",서울.한국,https://www.wanted.co.kr/wd/162383,"Github
Pytorch
Tensorflow
Python
Docker"
하이퍼커넥트,"• 데이터 거버넌스 정책을 회사에 도입하여 뛰어난 효과를 경험 하신 분
• 새로운 비즈니스 도메인 지식을 빠르게 이해하고, 데이터 기반 의사 결정에 기여하는 것을 즐거워 하시는 분
• 대규모 데이터를 BI환경에서 최적화 해본 경험이 있으신 분
• 데이터 품질 관리와 파이프라인 효율성을 높이기 위해 dbt와 같은 툴에 대한 실무 경험이 있으신 분



[How we work]
• 정의되지 않은 과제를 정의하고 스스로 해결책을 찾아 해결할 수 있습니다.
• 팀 단위 프로젝트를 성공적으로 리딩할 수 있으며, 팀간 협업을 이끌고 다른 기능의 직군 파트너와 협업을 할 수 있습니다.
• 팀 안팎으로 커뮤니케이션하며 내 메시지를 청자에 맞추어 적절한 수준에서 명확하고 간결하게 제시할 수 있습니다.
• 팀간의 협업을 돕고 결과를 만들어낼 수 있도록 지원합니다. 
• 프로젝트의 결과물을 팀 목표와 align할 수 있습니다.



[고용형태/채용절차/근무시간]
• 고용 형태: 정규직
• 채용 절차: 서류전형 ＞ Technical Competency Test ＞ Recruiter Call ＞ 1차 면접 ＞ 2차 면접 ＞ 3차면접(해당 시) ＞ 최종합격 (* 필요시 면접 전형 등이 추가로 진행될 수 있습니다.)
• 근무 시간: 근무시간을 자율적으로 선택하는DIY(Do It Yourself) 근무제 (단, 병무청 복무규정에 따라 산업기능요원, 전문연구요원은 시차출근제 적용 - 오전 8시 ~ 11시 사이 출근)
• 지원 서류: 자유 양식의 상세 경력기반 국문 또는 영문이력서(PDF)",서울.한국,https://www.wanted.co.kr/wd/161463,
디오비스튜디오,"• 관련학과 전공자 우대
• 퍼블릭 클라우드를 활용한 백엔드 개발 3년 이상
• RDBMS를 활요한 DB설계 및 개발 경험
• 긍정적, 적극적 태도 가진 분 우대
• Severless 시스템 사용 ex) AWS lambda
• CI/CD 경험 ex) Github Action
• 결제시스템 개발 경험
• 대용량 트래픽 처리 경험
• 챗봇 개발 경험",서울.한국,https://www.wanted.co.kr/wd/160527,"AWS
네트워크 보안
네트워크 인프라
네트워크 운영"
코넥시오에이치,"• 금융, 통계, 빅데이터 관련 연구 실적이 있으신 분
• 데이터, 핀테크 산업 종사 경험자
• 스스로 문제를 파악하고 가설을 제기하고 실험을 통해 검증하는 것을 좋아하는 분
• 다양한 직군과의 커뮤니케이션에 어려움이 없으신 분",서울.한국,https://www.wanted.co.kr/wd/159752,"Linux
Python
SQL
AWS
Docker
Shell Scripting
RDBMS
ElasticSearch"
크레버스,"• 데이터 엔지니어링 관련 인증 (예 : AWS Certified Data Analytics, Google Cloud Professional Data Engineer)
• 기계학습, 딥러닝 및 AI 분야에 대한 이해 및 MLOps 경험 및 인증 (예 : Google Cloud Professional Machine Learning Engineer, AWS Machine Learning Specialty)
• Java/Python/Scala 중 한가지 이상 언어로 개발 경험이 있으신 분
• Cloud native 프로젝트 진행 경험 보유하신 분
• Container/Docker/Kubernetes(Container Orchestration 전반) 실무 경험이나 이해가 있으신 분
• 실시간 데이터 처리 및 스트리밍 기술에 대한 경험 있으신 분
• 데이터 시각화 도구 (예 : Tableau, Power BI, Looker) 사용 경험 있으신 분
• 이러닝 서비스 관련 경력 보유하신 분",서울.한국,https://www.wanted.co.kr/wd/159731,"Azure
Hadoop
MongoDB
MySQL
VueJS
CSS
Java
Python
Scala
SQL
Power BI
Tableau
AWS
NoSQL
GCP
Apache Spark
Apache Kafka"
넥슨코리아(NEXON),"• 딥텍스트의 문법적 구조나 단어의 용례 등 한국어에 대한 깊은 지식과 이해도를 지니신 분
• 중국어, 일본어, 영어 등 외국어 활용 역량 또는 문법적 지식이 뛰어나신 분
• 모델 학습 및 평가에 필요한 데이터 설계, 수집, 라벨링 등의 작업을 직접 수행한 경험이 있으신 분
• 서비스에 적용된 모델을 다양한 정량 지표를 이용해 모니터링하고 개선해 본 경험이 있으신 분
• Named Entity Recognition, Sentiment Analysis, Topic Modeling등에 대한 지식 또는 경험이 있으신 분
• Transformer로 대표되는 대규모 모델 사용 경험 혹은 언어 모델(BERT, ELECTRA 등) 사전 학습 경험을 보유하신 분
• 자체적으로 모델 아키텍쳐 전체 또는 Custom Layer 를 구성해 본 경험이 있으신 분
• 특정 분야 SOTA 모델 사용 및 그 결과에 대한 실증적 분석을 진행한 경험이 있으신 분
• 게임 산업에서의 자연어처리 기술 적용에 대한 관심이 있으신 분",경기.한국,https://www.wanted.co.kr/wd/159665,
넥슨코리아(NEXON),"• 딥러닝 최적화 라이브러리 활용 및 거대 언어 모델 학습 경험이 있으신 분
• ML 프로덕트의 생애 주기(문제 정의, 로그 가공, 분석, 모델링, 실험 단계의 전체 프로세스) 경험을 보유하신 분
• 모델 학습 및 평가에 필요한 데이터 설계, 수집, 라벨링 등의 작업을 직접 수행한 경험이 있으신 분
• 서비스에 적용된 모델을 다양한 정량 지표를 이용해 모니터링하고 개선해 본 경험이 있으신 분
• 데이터 중심 서비스 개발 또는 효율적인 모델 고도화에 활용되는 다양한 기술에 대한 경험을 보유하신 분
  (Active Learning, Semi/Self-Supervised Learning, Incremental Learning, Domain Generalization등)
• 캐글/알고리즘/공모전 수상, 학술 발표, 논문 게재 등의 경험이 있으신 분",경기.한국,https://www.wanted.co.kr/wd/159568,
넥슨코리아(NEXON),"• 이탈 분석, 유저 세그먼트, 인과 추론, 시계열 데이터 관련 실무 경험이 있으신 분
• 데이터 시각화 및 각종 대시보드 리포트용 지표 생성을 해보신 분
• 모델 학습 및 평가에 필요한 데이터 설계, 수집, 라벨링 등의 작업을 직접 수행한 경험이 있으신 분
• 서비스에 적용된 모델을 다양한 정량 지표를 이용해 모니터링하고 개선해 본 경험이 있으신 분
• 데이터 중심 서비스 개발 또는 효율적인 모델 고도화에 활용되는 다양한 기술에 대한 경험을 보유하신 분
  (Active Learning, Semi/Self-Supervised Learning, Incremental Learning, Domain Generalization 등)
• 캐글/알고리즘/공모전 수상, 학술 발표, 논문 게재 등의 경험이 있으신 분",경기.한국,https://www.wanted.co.kr/wd/159567,
넥슨코리아(NEXON),"• Computer Vision 기술을 포함한 Multimodal AI 및 다양한 AI 기술 트렌드에 대한 지속적인 관심이 있으신 분
• 모델 학습 및 평가에 필요한 데이터 설계, 수집, 라벨링 등의 작업을 직접 수행한 경험이 있으신 분
• 서비스에 적용된 모델을 다양한 정량 지표를 이용해 모니터링하고 개선해 본 경험이 있으신 분
• 데이터 중심 서비스 개발 또는 효율적인 모델 고도화에 활용되는 다양한 기술에 대한 경험을 보유하신 분
  (Active Learning, Semi/Self-Supervised Learning, Incremental Learning, Domain Generalization 등)
• Quantization, Distillation등Modal Compression/Acceleration기술에 대한 경험이 있으신 분
• 게임 산업에서의 Computer Vision기술 적용에 대한 관심이 있으신 분
• 캐글 수상 경험 또는 우수한 리더보드 성적을 보유하신 분",경기.한국,https://www.wanted.co.kr/wd/159531,
핵클(Hackle),"• Hadoop / Spark 등을 통한 ETL 데이터 레이크 운용 및 엔지니어링 경험
• Kubernetes 구축/운영 경험
• Cloud 환경에서의 업무 경험

[핵클이 사용하는 기술]
• AWS Kinesis, AWS Glue, AWS Lamda, AWS S3, AWS EKS, AWS DynamoDB etc
• Kubernetes
• Apache Spark
• Presto/Trino
• Terraform
• Prometheus
• Elastic Search

[채용 절차]
서류전형  - 1차 면접  - 2차 면접 - 처우협의 - 최종합격 

• 서류전형 합격자에 한해 1차(전화인터뷰) 가 진행됩니다.
• 지원서 내용 중 허위사실이 있는 경우에는 지원이 취소될 수 있습니다.
• 본 포지션에 합격하시는 경우, 3개월의 수습기간을 적용합니다.",서울.한국,https://www.wanted.co.kr/wd/159253,"Linux
AWS
DevOps
Docker
VPN
Kubernetes"
슈프리마,"* 업무 분석 능력 및 설계문서 작성 능력 
* 커뮤니케이션 능력  
* 학력 : 학사 이상
* 경력 : 1년 이상, 10년 이하",경기.한국,https://www.wanted.co.kr/wd/159227,"C / C++
Java
JavaScript
C++
Spring Framework"
인터마인즈,"ㆍ이미지/동영상 분석 및 처리를 위한 GPU 활용 경험
ㆍ대용량 데이터 처리 및 분석 경험",경기.한국,https://www.wanted.co.kr/wd/158195,
플래티어,"• Nginx, Haproxy, Taefik 등의 Proxy 서비스 운영 경험이 있으신 분 
• Grafana, Prometheus 등을 활용한 모니터링 시스템에 대한 지식과 경험이 있으신 분 
• 대규모 사용자를 대상으로 한 Infra 구성 및 Service Architecture 설계 참여 경험이 있으신 분 
• 개발 인프라(Sonarqube, Jenkins, Git 등) 개선을 통한 개발 생산성 향상에 기여한 경험이 있는 분 
• 다양한 Public-Cloud(GCP, NCP) 환경에서의 초기 서비스 구성 및 고도화 참여 경험이 있으신 분 
• 데이터사이언스, 개발, 기획 등 Cross Functional 조직과의 협업을 이끌 수 있는 원활한 커뮤니케이션 능력을 보유하신 분",서울.한국,https://www.wanted.co.kr/wd/157383,"BitBucket
Git
JIRA
Azure
AWS
DevOps
ITIL
Kubernetes"
씨제이대한통운(CJ대한통운),"• 대용량 DB (SQL) 성능 튜닝 경험이 있으신 분
• 빅데이터 관련 서비스 개발 경험이 있으신 분
• 빅데이터 프로젝트를 3건 이상 수행해본 경험이 있으신 분",서울.한국,https://www.wanted.co.kr/wd/157213,"GitLab
CSS
TypeScript
React.js
Next.js"
타이드풀(TIDEPOOL),"• Docker 환경 개발 경험
• git 등 형상관리 협업관리 툴 경험",대전.한국,https://www.wanted.co.kr/wd/156932,"Git
Django
Pytorch
HTML
JavaScript
Python
AWS
Docker
PostgreSQL
Kubernetes"
나니아랩스,"• 함께 최신 인공지능 방법론을 연구하고 실제 제품으로 발전시키는 경험을 원하는 분.
• 3D 분야의 데이터를 이해하고 딥러닝에 접목할 수 있는 분.
• 각자 가지고 있는 지식을 공유하며 함께 성장할 수 있는 분.",대전.한국,https://www.wanted.co.kr/wd/156850,"React
Python
TypeScript
Docker
Nginx
CUDA
FastAPI"
뎁스,"• 개발에 대한 열정과 책임감이 있으신 분
• 빅데이터/인공지능 분야에 대한 연구 및 개발 경험이 있으신 분
• 기업 부설 연구소 등의 근무 경험이 있으신 분
• 대학원(석사, 박사 등)에서의 관련 분야 연구 경험이 있으신 분",경남.한국,https://www.wanted.co.kr/wd/156114,"Git
Github
Android
iOS
React
JavaScript
Kotlin
Python"
모플,"- 관련 학과 전공자 우대
- 대용량 & 실시간 데이터 인프라 구축 및 운영 경험",대전.한국,https://www.wanted.co.kr/wd/154911,"Git
MongoDB
Pytorch
Spark
Node.js
Python
RDBMS
Kubernetes"
골든플래닛,"ㆍBI 시스템 경험자 우대
ㆍBI Tool(Tableau, Qlikview, BI-Matrix 등) 경험자 우대
ㆍ데이터 처리, 분석, 모델링 관련 자격증 보유자 우대",서울.한국,https://www.wanted.co.kr/wd/154764,"C#
Java
Python
SQL
Data Analysis
BI
Tableau
개발
데이터베이스
SQL 서버
API
모델링
데이터 분석
설계
데이터 구조
데이터베이스 설계
데이터베이스 관리
데이터 입력
데이터 통합
연구 및 개발
데이터베이스 개발
기술 개발
기술 관리
QlikView
데이터 수집
Datastage
연구 설계
모델링 및 시뮬레이션
정부 업무
연구 관리
SQL DB2
SQL Azure
데이터베이스 관리
전자정부프레임워크"
아키드로우,"• 스타트업 근무 경험이 있으신 분
• 홈인테리어에 대한 관심도가 높고, 관련 서비스 경험이 있으신 분
• Generated AI 개발에 관심이 있으신 분",서울.한국,https://www.wanted.co.kr/wd/154682,"Git
React
WebGL
TypeScript
Redux"
펑타이그레이터차이나(피티코리아),"- 영어 가능하신 분
- 빅데이터 플랫폼 구축, 운영 경험이 있으신 분",서울.한국,https://www.wanted.co.kr/wd/154140,AWS
비트코퍼레이션,"• Python 기반의 멀티쓰레딩 및 비동기, 분산 처리 등에 개발 경험이 있으신 분
• AWS Cloud을 활용한 업무 경험
• Git / JIRA / Confluence 통합환경 경험이 있는 분
• 비즈니스에 대한 이해를 바탕으로 논리적인 해결책을 제시하고 개발까지 이어가는 것을 즐기시는 분
• MSA 기반의 개발 및 활용 경험
• 회사와 함께 성장하며 지식을 공유하고 커뮤니케이션이 원활하신 분",경기.한국,https://www.wanted.co.kr/wd/151397,"Confluence
Android
React
Java
Kotlin
Swift
AWS
React Native"
비트나인,"· DBMS전환(이기종 DB TO DB Migration) 및 DBA 경력자
· DBMS QA(DBMS 기능 및 성능테스트) 경험자",서울.한국,https://www.wanted.co.kr/wd/151239,"서비스 관리
시스템 관리"
카카오브레인,"• Language 및 Vision-Language 기반 모델 학습을 위한 데이터셋 수집 경험
• 고성능 GPU 클러스터를 활용한 거대모델 학습 경험
• Ray, Spark 등의 분산처리 프레임워크를 이용한 프로젝트 경험

영입절차
• 서류 심사 ＞ 1차 코딩테스트 ＞ 1차 인터뷰 ＞ 2차 코딩테스트 ＞ 2차 인터뷰 ＞ 3차 CEO 인터뷰(Optional) ＞ 입사 확정 
• 영입 프로세스는 필요에 따라 생략되거나 추가될 수 있습니다.
• 해당 포지션의 고용형태는 정규직(수습 3개월)입니다.
* 본 영입은 수시모집으로 영입완료 시 조기마감 될 수 있습니다.

기타사항
• 카카오브레인은 증명사진, 주민등록번호, 가족관계, 혼인여부 등 영입과 관련없는 개인정보를 요구하지 않습니다.
• 보훈대상자 및 장애인 여부는 영입 과정에서 어떠한 불이익도 미치지 않습니다.
• 필요 시 지원자의 동의 하에 평판조회 절차가 진행될 수 있으며, 평판조회 결과에 따라 영입이 취소될 수 있습니다.

필수제출서류
• 자유 양식의 상세 경력 기반 국문 or 영문 이력서 제출해 주시면 됩니다.
• 이력서는 반드시 PDF로 제출 부탁드립니다. (압축파일 or 노션페이지 PDF 변환본 제출 불가)
• 제출해 주신 내용 중 허위 사실이 있을 경우 영입이 취소될 수 있습니다.",경기.한국,https://www.wanted.co.kr/wd/151080,
엔에이치엔크로센트,"• 클라우드 자격증（CKA，CKAD, CKS）보유
• 빅데이터 분석플랫폼 구축 및 운영 경험
• 대규모 인프라/서비스 구축 및 운영 경험",서울.한국,https://www.wanted.co.kr/wd/150166,"Android
.NET
iOS
Linux
MySQL
Spark
C / C++
HTML
Java
ObjectiveC
Python
SQL
Swift
Agile
AWS
C++
VM웨어
DevOps
Jenkins
Mac
PMP
Citrix
CISA
OpenStack
Xamarin
Xen
영어 실력
OSS
Kubernetes"
하나투어,"• MSTR 운영 및 개발 유경험자
• OLAP 다차원 모델링 및 대시보드 시각화 경험
• 데이터 기반 문제 해결 능력 보유자",서울.한국,https://www.wanted.co.kr/wd/149760,"Django
Flask
Linux
MySQL
Oracle
NoSQL"
미리디,"• 통계학 전공자 또는 통계학 관련 지식 보유
• 팀 리딩 경험이 있으신 분 (4인이상 팀원의 실무매니징과 휴먼매니징)
• 데이터기반 인사이트를 바탕으로 실제 지표상승과 하락, 문제해결과 실패를 경험해보신 분
• 온라인광고 플랫폼을 설정하고 운영해본 경험
• 데이터 분석을 위한 통계 / 딥러닝 / 머신러닝 모델링 경험",서울.한국,https://www.wanted.co.kr/wd/148699,"React
CSS
HTML
JavaScript
Python
TypeScript
AWS
Spa"
라포랩스(퀸잇),"• 머신러닝 프로젝트를 통해 유의미한 비즈니스 임팩트를 만들어 낸 경험이 있으신 분
• 머신러닝 논문에서 핵심 개념을 이해하고 구현할 수 있는 분
• 머신러닝 알고리즘 개발 경험과 MLOps에 대한 이해가 있으신 분
• Kubernetes 에 대한 기본적인 이해가 있으신 분
• GCP, AWS 등 클라우드 서비스 사용 경험이 있으신 분",서울.한국,https://www.wanted.co.kr/wd/148369,"Java
Kotlin
Python
SQL
AWS
Spring Framework"
휴이노에임,"• 의료, 헬스케어 도메인의 경험이 있으신 분
• 데이터 분석, 딥러닝, 머신러닝 알고리즘에 대한 이해
• 대용량 데이터베이스 최적화 경험이 있으신 분
• 분산 처리 기술에 대한 깊은 이해를 갖고 계신 분
• Modern Data Stack(DBMS, Orchestration Tool, Data Processing Framework, Data Lake, Querying Tools,..) 경험이 있으신 분
• CI/CD, DevOps, GitOps, MLOps에 대한 경험 또는 이해가 있으신 분
• On-premise 환경의 Infra 구성 및 배포 경험이 있으신 분
• AWS(Athena, EMR, RedShift,..) 등 Cloud 환경 개발 경험이 있으신 분
• Frontend/Backend 개발 경험 또는 이해가 있으신 분",서울.한국,https://www.wanted.co.kr/wd/148262,"Git
Github
Pytorch
Tensorflow
Python
SQL
AWS
Docker
PostgreSQL
Kubernetes"
중앙일보,"• GCP, AWS 등 클라우드 플랫폼 경험을 보유한 분
• Tableau, Data Studio 등 데이터 시각화 툴 경험을 보유한 분
• Google Analytics, GTM 프로젝트 운영을 경험한 분
• 실시간 데이터 파이프라인 설계, 구축 및 운영을 경험한 분",서울.한국,https://www.wanted.co.kr/wd/147952,
엔에이치엔크로센트,"- 상기 개발스택중 1개 이상 유경험 2년 이상
- 분산처리관련 석사학위 보유자
- 메시지 패싱 프로토콜 설계/구현 경험자",서울.한국,https://www.wanted.co.kr/wd/147912,"Android
.NET
iOS
Linux
MySQL
Spark
C / C++
HTML
Java
ObjectiveC
Python
SQL
Swift
Agile
AWS
C++
VM웨어
DevOps
Jenkins
Mac
PMP
Citrix
CISA
OpenStack
Xamarin
Xen
영어 실력
OSS
Kubernetes"
라포랩스(퀸잇),"[이런 분과 더욱 함께 하고 싶어요]

• 머신러닝 모델, 특히 개인화 추천시스템 Ops 관련 경험이 있으신 분
• DevOps 관련 경험 혹은 지식(Infrastructure as Code)이 있으신 분
• 대용량 트래픽 기반 서비스 운영 경험이 있으신 분
• Spark를 활용한 대용량 데이터 처리 경험이 있으신 분
• 추천 시스템 관련 알고리즘 (collaborative filtering, gbm, transformer 등) 에 대한 이해가 있으신 분",서울.한국,https://www.wanted.co.kr/wd/147777,"Java
Kotlin
Python
SQL
AWS
Spring Framework"
한국투자증권,"- 증권, 및 금융권 관련 업무 수행 경험 보유",서울.한국,https://www.wanted.co.kr/wd/147331,
한국투자증권,"- 증권 및 금융권 데이터 분석 업무 경험
- 데이터 분석 활용 스킬(상급)
- 빅데이터 분석 플랫폼을 활용한 분석 모델링 경험
- 시각화툴(Tableau)을 활용한 데이터 시각화 경험",서울.한국,https://www.wanted.co.kr/wd/146639,
하나금융티아이,"• 정량/정성 UX 리서치 설계부터 분석까지 리딩 경험(리서치 규모 무관)
• 금융 분야 UX 기획/리서치 경험
• 통계 기반 정량적 데이터 분석 경험",서울.한국,https://www.wanted.co.kr/wd/145248,
하나금융티아이,"• 최신 데이터 분석 트렌드에 대한 이해 및 활용 경험
• 프로세스 마이닝에 대한 이해 및 활용 경험
• 금융 도메인 데이터 분석 경험(은행, 카드, 금융투자, 보험, CB 데이터 등)",서울.한국,https://www.wanted.co.kr/wd/145246,
메디트(Medit),"• OpenGL을 사용한 3D Application에 대한 개발 경험
• 상용 Desktop Application 개발 경험
• 애자일 개발 방법론에 따른 개발 경험",서울.한국,https://www.wanted.co.kr/wd/143900,"TypeScript
C++
Qt"
메디트(Medit),"• OpenGL을 사용한 3D Application에 대한 개발 경험
• 상용 Desktop Application 개발 경험
• 애자일 개발 방법론에 따른 개발 경험",서울.한국,https://www.wanted.co.kr/wd/143899,"TypeScript
C++
Qt"
이마고웍스,"• Mesh 또는 CT 데이터에 대한 개발 경험이 있으신 분
• MLOps 또는 DataOps에 대한 개발 경험이 있으신 분
• 그래픽스 파이프라인에 대한 이해가 있으신 분",서울.한국,https://www.wanted.co.kr/wd/143758,
스튜디오사월,• 스타트업에 대한 이해도 높은 분,서울.한국,https://www.wanted.co.kr/wd/143684,"Git
Firebase
Python
SQL
AWS
REST
Restful API"
안티그래비티,"# 우대 사항
이런 경험 가지신 분, 레드카펫 깔아드립니다.
    
- 컴퓨터비전 석사 이상
- AI/이미지 프로세싱 연구 프로젝트 경험 2년 이상
- Deep Learning 기술 접목한 서비스 구축 경험
- AI/머신러닝/딥러닝 관련 논문 발표 경험 보유",서울.한국,https://www.wanted.co.kr/wd/143273,
에이블애널리틱스,"• OLAP/ETL 툴 컨셉에 대한 이해
• Cloud 환경 경험
• 데이터 품질관리 관련 경험
• 데이터 분석 관련 자격증 소지자
• 데이터 기반 문제해결능력 보유하신 분
• 영어가능자, 통계분석능숙자, 해당직무 근무경험, 석사학위 수여자, 박사학위 수여자",서울.한국,https://www.wanted.co.kr/wd/143156,"BI
ETL
OLAP"
씨제이대한통운(CJ대한통운),"[필요 기술 또는 자격증]
- 리눅스 기반 개발 경험 (우대)
- RDBMS에 대한 이해도와 연동 경험 (우대)
- 임베디드 시스템을 활용한 과제 개발 경험 (우대)

[어학역량]
- 영어회화 중급 (OPIc IM2 또는 그에 준하는 수준) 이상 (우대)
 

[채용 전형절차 안내]
서류전형 - 인성검사(1)/1차면접 - 2차면접/인성검사(2) - 채용검진, 평판조회, 학력/경력검증 - 처우협의
* 전형절차 및 일정은 상황에 따라 변동될 수 있습니다.

[기타사항]
- 기본자격요건 : 병역 필 또는 면제자로 해외 여행에 결격사유 없는 자
- 적합역량을 보유한 취업보호 대상자(보훈, 장애인 등)는 관계법령에 의거 채용 우대
- [채용절차의 공정화에 관한 법률] 11조에 따른 채용 서류 반환 절차는 채용 홈페이지 공지사항 참고
- 최종 채용 결정은 모든 전형절차 완료 후 이뤄지며 지원서 및 전형절차 중 확인된 내용이 사실과 다르거나,
   허위 서류를 제출하신 경우 채용이 취소될 수 있습니다.",서울.한국,https://www.wanted.co.kr/wd/142693,"GitLab
CSS
TypeScript
React.js
Next.js"
튜닙,"• 관련 학과 전공자
• 해당 직무 근무 경험자
• 전문연구요원 가능",경기.한국,https://www.wanted.co.kr/wd/142384,"Confluence
Git
JIRA
Flask
Python
SQL
AWS
PostgreSQL
RESTful WebServices
Notion
Redmine
FastAPI"
베이리스,"✓ 자율주행 및 AI 분야 전공자 
  ✓ 해외학회/저널 제1저자로 논문 게재 경험 
  ✓ 수상 경험 
  ✓ 논문 내용을 구현 가능한 사람 
  ✓ 구현 속도가 빠른 사람",경기.한국,https://www.wanted.co.kr/wd/142318,"C
C++"
디메타,"• Artificial Intelligence / Computer Science / Data Science / Statistics / Electric Engineering 등 이 · 공 계열 박사 이상 학위 보유하신 분
• Deep learning, Reinforcement Learning, Computer Vision based Image Processing 기반의 알고리즘 또는 시스템 개발 프로젝트 경력이 7년 이상이신 분(유관 전공 석사 이상인 경우 5년 이상이신 분)
• AI, Deep Learning, Machine Learning 관련 분야 학회 논문 3편 이상 보유하신 분
• OpenAI Gym, Ray와 같은 강화학습 프레임워크에 대한 경험이 있으신 분
• 교통/물류 관련 예측 및 최적화 프로젝트 경험 혹은 영상 관련 프로젝트 경험이 있으신 분
• 본인의 의사표현을 글로써 잘 표현할 수 있으신 분",서울.한국,https://www.wanted.co.kr/wd/141601,"CSS
HTML
JavaScript
Spring Framework
React.js
Spring Boot
전자정부프레임워크
Vue.JS"
휴맥스모빌리티,"• 온프레미스 기반 서버, 네트워크 설계/구축 경험이 있는 분 우대
• Data lake 구축 프로젝트 리딩 경험이 있는 분 우대
• Hadoop eco system 에 대한 이해도가 높은 분 우대
• 고가용성 시스템 설계, 구축 가능한 분 우대",경기.한국,https://www.wanted.co.kr/wd/141352,"Hadoop
Linux
MongoDB
MySQL
Spark
Python
AWS"
디메타,"• Artificial Intelligence / Computer Science / Data Science / Statistics / Electric Engineering 등 이 · 공 계열 석사 이상 학위 보유하신 분 
• Deep learning, Reinforcement Learning, Computer Vision based Image Processing 기반의 알고리즘 또는 시스템 개발 프로젝트 경력이 있으신 분 
• AI, Deep Learning, Machine Learning 관련 분야 학회 논문 1편 이상 보유하신 분 
• 최신 논문에 대한 빠른 이해 및 구현 능력이 있으신 분
• 교통/물류 관련 예측 및 최적화 프로젝트 경험 혹은 영상 관련 프로젝트 경험이 있으신 분",서울.한국,https://www.wanted.co.kr/wd/139525,"CSS
HTML
JavaScript
Spring Framework
React.js
Spring Boot
전자정부프레임워크
Vue.JS"
애크미랩,"[근무조건]

- 근무시간: 주 5일제, (오전 8시~10시 사이 자율출근)
- 급여수준: 면접 후 상호협의 (4대보험 포함)


[채용절차]

- 서류 전형 ＞ 면접 ＞ 처우 협의 ＞ 입사
- 지원서류: [필수] 이력서, 자기소개서(경력기술서), 포트폴리오",서울.한국,https://www.wanted.co.kr/wd/136526,
하나금융티아이,"• 챗봇, 상담시스템, Q&A 시스템 구축 경험 
• 온톨로지 기반 지식 모델링 이해 및 관련 소프트웨어 이용 경험
• 대규모 지식 그래프 구축 및 관리 경험
• 온톨로지 기반 지식 관리 도구 개발 경험
• 대화 에이전트 개발 경험",서울.한국,https://www.wanted.co.kr/wd/136262,
케이티넥스알(KTNexR),"• Kubernetes 구축/운영 경험 보유
• Linux container 기반의 시스템 구축/ 운영 경험 보유
• Overlay network 구축/운영 경험 보유
• Ceph 분산 스토리지 구축/ 운영 경험 보유
• IT 인프라 모니터링에 대한 전문 지식 보유
• 오픈소스 contribution 또는 issue reporting 경험
• Kubernetes operator 구축/운영 경험 보유
• Data Engineering 경험 보유
• Hadoop, Spark등 Bigdata eco 구축/운영 경험 보유",서울.한국,https://www.wanted.co.kr/wd/135749,
에이피알,"- 컴퓨터과학, 통계학, 수학, 빅데이터 등 관련 전공자 학사 또는 석사
- 오픈 소스 분석 및 개발 경험이 있으신 분
- 데이터 가공/분석/모델링 전체 프로세스 경험이 있는 분
- 이미지 처리 또는 자연어 처리 프로젝트 경험이 있는 분",서울.한국,https://www.wanted.co.kr/wd/134484,"Confluence
Git
JIRA
AWS"
모멘티움,"• 데이터 교육 이수
• 관련 경력 우대",서울.한국,https://www.wanted.co.kr/wd/134294,
버즈앤비,"- AWS, GCP 클라우드 환경에 대한 이해와 경험 보유한 분
- Docker, Kubernetes 관련 경험 보유한 분
- Git 관련 경험 보유한 분 (Github, Bitbucket 등)
- ELK stack 경험 보유한 분 (Elastic Search, Logstash, Kibana)
- Google Analytics, Google Tag Manager, Data Studio 데이터분석 경험 보유한 분
- Mongodb Nosql DB 경험 보유한 분
- e-commerce 플랫폼, 광고트래킹 플랫폼 구축/운영 경험 보유한 분
- Web Frontend javascript Libarary (React.js, Angular.js, Vue.js 등) 경험 보유한 분
- 상용서비스를 처음부터 개발하여 운영한 경험 보유한 분
- 본인의 기술경험을 타인에게 잘 설명할 수 있는 분",서울.한국,https://www.wanted.co.kr/wd/130665,
트릿지,"이러한 강점이 있다면 더욱 좋습니다:

- 빅데이터 툴 경험: Hadoop, Spark, Kafka 등
- Postgres 또는 HBASE, Apache Cassandra 등을 포함한 관계형 SQL 및 NoSQL 데이터베이스 경험.
- Jupyter Notebook, TensorFlow, Pytorch 등 경험자.
- 머신러닝 프레임워크 경험.
- 데이터 모델, 데이터 마이닝 및 세분화 기술에 대한 기술적 전문성.
- SQL 데이터베이스 설계에 대한 실무 경험.
- ETL 도구에 대한 지식.
- 영어로 원활히 말하고 쓰실 수 있으신 분

--

Not a must, but better if:

• Experience with big data tools: Hadoop, Spark, Kafka, etc.
• Experience with relational SQL and NoSQL databases, including Postgres or  HBASE, Apache Cassandra, etc.
• Experience with Jupyter Notebook, TensorFlow, Pytorch, etc..
• Experience with Machine Learning frameworks.
• Technical expertise with data models, data mining, and segmentation techniques.
• Hands-on experience with SQL database design.
• Knowledge with ETL tools.
• Ability to speak and write in English (Business level required but fluency is not needed)",서울.한국,https://www.wanted.co.kr/wd/130085,"Python
SQL
Google Analytics"
드림어스컴퍼니,"• 음악 또는 콘텐츠 관련 데이터 분석 경험이 있는 분
• Python 사용 경험이 있는 분
• 빅데이터 활용 경험이 있는 분 (Hive, Presto, Athena, Redshift, Bigquery, Spark)
• ETL 경험 있는 분 (Data Stage, Informatica, NiFi, Oozie, Talend 등)
• BI 솔루션 사용 경험 있는 분
• GitHub 사용 경험 있는 분",서울.한국,https://www.wanted.co.kr/wd/129536,
누리어시스템,"• 자격증: 정보처리기사, 정보처리산업기사
• Big Data 관련 개발 경험 및 관련 Open Source 사용 경험",경기.한국,https://www.wanted.co.kr/wd/123285,"Hadoop
Spark
Python
R"
한국신용데이터(KCD),"• 기술 및 경험
   - Hadoop Eco System을 활용한 개발/운영 경험
   - 데이터와 딥러닝/머신러닝을 활용하여 실제 유의미한 비즈니스 성과를 만들어 본 경험
   - 스크래핑을 통한 데이터 수집경험
   - 백엔드 서버 개발경험",서울.한국,https://www.wanted.co.kr/wd/122920,
휴톰,"• 의료 데이터(clinical , omics, NGS data)  분석 경력자
• statistics, bioinformatics 관련 석,박사학위 수여자",서울.한국,https://www.wanted.co.kr/wd/121097,"Git
MySQL
React
Node.js
TypeScript
PostgreSQL
ORM"
오케스트로,"• 정부 R&D 과제 수행 경험이 있으신 분
• 클라우드에 대한 이해도가 높으신 분
• 국내 및 국외의 저널 논문/학회 논문 게재 실적 1건 이상이신 분
• 타부서 혹은 타기관과도 원활히 커뮤니케이션 및 협업 할 수 있으신 분
• 문서작성능력이 우수하신 분 (HWP/Word/PPT/EXCEL 위주의 문서 작성 등)",서울.한국,https://www.wanted.co.kr/wd/120281,"Linux
Python
Golang
Restful API"
씨제이대한통운(CJ대한통운),"[필요 역량]
  - 데이터 마이닝 관련 Top Conference Presenter 경험 또는 Journal paper 저자 우대
  - 제조/서비스/물류 분야 빅데이터 관련 S/W 개발 및 서비스 분석 경험자 우대

[어학역량]
  - OPIc IM2 이상 또는 그에 준하는 수준",서울.한국,https://www.wanted.co.kr/wd/120257,"GitLab
CSS
TypeScript
React.js
Next.js"
포티투닷(42dot),"• Airflow, Spark(Databricks), Kafka등을 이용한 데이터 파이프라인 개발 경험
• 영상 데이터 및 ROS등 센서 데이터를 활용한 개발 경험
• DevOps 및 CI/CD 파이프라인에 대한 지식 및 경험
• 딥러닝 또는 기계학습에 대한 전반적인 이해",서울.한국,https://www.wanted.co.kr/wd/119929,"Azure
Java
Python
Scala
AWS
Docker
GCP
Kubernetes"
파수,"- Deep Learning Pipeline과 Map Reduce에 대한 학습 의지
- 리눅스 C/C++, Rust 등 시스템 프로그래밍 경험
- 통계 처리 혹은 암호화 처리 경험
- 네트워크 프로그래밍 경험",서울.한국,https://www.wanted.co.kr/wd/119850,"Hadoop
MySQL
Oracle
Spark
Java
JavaScript
Python
Swift
C
C++
jQuery
HTML5
HP
Spring Framework
MFC
Spring Boot
Redux"
메이크잇,"- 금융 데이터에 대한 수집 및 가공 처리능력이 있으신 분
- 트레이딩뷰 API 사용 유경험이신 분
- NoSQL 구축 및 개발 경험 (MongoDB, ElasticSearch 등) 이 있으신 분
- Rest API 및 서비스 개발 경험이 있으신 분
- 최신 기술 동향을 놓치지 않고, 문제를 해결함에 변화를 두려워하지 않는 분",서울.한국,https://www.wanted.co.kr/wd/118166,"MongoDB
Python
금융
API
NoSQL
ElasticSearch
API 개발"
차봇모빌리티,"■ 빠른 주행(직무 적응)을 위해 이런 커리어 부스터가 도움이 돼요.
• NodeJS에서 SpringBoot 전환 경험을 보유하신 분
• webflux 개발 경험을 보유하신 분
• SecureCoding 개발 경험을 보유하신 분
• 대용량 트래픽 서비스 개발 경험을 보유하신 분
• Docker, Kubernetes 사용 경험을 보유하신 분
• Spring Security 기반 인증 서비스 개발 및 OAuth2 스펙에 대한 이해가 있으신 분",서울.한국,https://www.wanted.co.kr/wd/117879,"JavaScript
Kotlin
Swift
React Native
Flutter"
씨드로닉스,"• IoT 서비스 인프라/플랫폼 개발/구축/운영 직무 유경험자
• 항만 혹은 해운 관련 업종 경력자",서울.한국,https://www.wanted.co.kr/wd/115349,"Git
Django
ExpressJS
Linux
MongoDB
React
Node.js
AWS
Docker
PostgreSQL
ROS
Vue.JS"
페이타랩(패스오더),"【이런 분이면 더 좋아요!】

• 데이터 관련 학과(통계학, 전산학, 컴퓨터 공학 등)를 전공하신 분
• 미적분학, 선형대수학, 확률, 통계, 경제학 등에 대한 전문 지식이 있는 분
• 통계 분석, 데이터마이닝 등 유관 업무를 경험하신 분(석, 박사 포함)
• 머신러닝 등 최신 알고리즘을 활용한 실제 비즈니스 문제를 해결한 경험이 있는 분
• 대용량, 실시간 데이터를 처리 아키텍처 구축과 관련된 경험이 있는 분


【페이타랩의 근무 문화 및 환경】

• 구성원 모두가 서로 단단하게 연결되어, 모든 정보를 투명하게 공유하고, 각자의 업무에 몰입할 수 있는 환경
• 최소한의 절차로 일에만 집중할 수 있으며, 의사결정과 각자의 책임이 명확한 효율적인 환경
• 누구나 원하는 만큼 성장하며 커리어를 쌓을 수 있도록 회사가 적극적으로 지지하고 지원해주는 환경
• 뛰어난 실력과 따뜻한 마음을 가진 멋진 동료들과 함께 할 수 있는 환경",부산.한국,https://www.wanted.co.kr/wd/115036,
버즈앤비,"- Web Frontend javascript Library (React.js, Angular.js, Vue.js 등) 경험을 보유하신 분
- AWS, GCP 클라우드 환경에 대한 이해와 경험을 보유하신 분
- Docker, Kubernetes 관련 경험을 보유하신 분
- Git 관련 경험을 보유하신 분 (Github, Bitbucket 등)
- ELK stack 경험을 보유하신 분 (Elastic Search, Logstash, Kibana)
- Google Analytics, Google Tag Manager, Data Studio 데이터분석 경험을 보유하신 분
- Mongodb Nosql DB 경험을 보유하신 분
- e-commerce 플랫폼, 광고트래킹 플랫폼 구축/운영 경험을 보유하신 분
- 상용서비스를 처음부터 개발하여 운영한 경험 보유하신 분
- 본인의 기술 경험을 타인에게 잘 설명하실 수 있는 분",서울.한국,https://www.wanted.co.kr/wd/112840,
하나투어,"ㆍCloud 기반의 파이프라인 구축 및 운영 경험이 있으신 분
ㆍ대규모 분산처리 시스템 개발 및 운영 경험자",서울.한국,https://www.wanted.co.kr/wd/111786,"Django
Flask
Linux
MySQL
Oracle
NoSQL"
아임웹,"• Product Analysis, Business Analysis를 통해 제품의 기능, 전략 등에서 임팩트를 만든 경험
• Mixpanel, Amplitude와 같은 PA툴 활용 경험
• 데이터 시각화에 대한 전문성과 높은 이해도 및 BI툴 활용 경험 (Tableau, Redash, Superset)
• 인과추론 및 준실험설계 방법론에 대한 이해 (A/B 테스트 설계, DID, RDD 등)
• AI/ML에 대한 대략적인 지식
• 데이터 엔지니어링에 대한 기초적인 지식 또는 Airflow DAG 작성 경험
• 병렬 및 분산처리 기반의 라이브러리를 사용한 빅데이터 분석 경험
• AWS 클라우드 환경에서의 업무 경험",서울.한국,https://www.wanted.co.kr/wd/110492,
컨트롤에프,"• 컴퓨터/시스템공학, 전기/전자공학, 공학계열
• 정보처리기사, 데이터분석전문가(ADP)
• 문서작성 우수자, 컴퓨터활용능력 우수",대전.한국,https://www.wanted.co.kr/wd/110338,"Linux
MySQL
Pytorch
Tensorflow
HTML
Python
Docker
Spring Framework"
제네시스랩,"• 딥러닝 추론 결과를 분석하여 모델 성능 향상에 기여한 경험이 있으신 분
• AI 기술에 대한 관심이 높으신 분
• 데이터 수집에 대한 설계 경험이 있으신 분
• 코드 품질에 대한 집착이 있으신 분",서울.한국,https://www.wanted.co.kr/wd/106376,"Android
GraphQL
iOS
JavaScript
TypeScript
MVVM
React.js
React Native"
푸드테크,"• AWS, Azure, GCP 등 클라우드를 이용한 시스템 구축 및 운영 경험
• Linux, Bash 등 Unix 계열 시스템 활용 능력
• 유관부서와의 원활한 협업 및 커뮤니케이션 능력
• 목표 지향적인 업무 태도
• 책임감 있고 치열하게 고민하며 성장하는 자세",서울.한국,https://www.wanted.co.kr/wd/96541,"Git
Linux
Java
Kotlin
Python
SQL
AWS
Docker"
코딧(CODITCorp.),"• Docker 또는 Kubernetes 기반 환경의 서비스 구축 경험이 있으면 좋습니다.
• AWS 또는 GCP 환경에서 서비스를 구현한 경험이 있으면 좋습니다.
• 빅데이터 플랫폼 (Hadoop Ecosystem, Kafka, Elasticsearch 등)을 사용해보신 경험이 있으면 좋습니다.
• 분산 환경에서 대용량 데이터 처리 경험이 있으면 좋습니다.
• 문제를 스스로 정의 / 해결 하고자 하는 의지가 있고, 타 부서와 원활한 커뮤니케이션이 가능한 분과 함께하고 싶습니다.",서울.한국,https://www.wanted.co.kr/wd/94542,
올거나이즈코리아(Allganize Korea),"• 본인이 알고 있는 지식을 팀원과 공유하는데 적극적이신 분
• Redis, Kafka 등 데이터 파이프라인 쪽 처리 경험이 있으신 분
• Large scale web application 개발 경험이 있으신 분
• Open Source 를 사용하시는 것에 열려있지만, 가져다 쓰시는 코드의 내부는 가급적 들여다 보시는 분
• Agile process 에 익숙하신 분",서울.한국,https://www.wanted.co.kr/wd/93676,"Django
Python
Docker"
아이네블루메(채티),"• 아키텍처 설계에 관심이 있고 능동적으로 더 좋은 코드를 만들기 위해 노력하시는 분
• 다양한 타입의 데이터베이스(RDBMS, NoSQL 등)를 적재적소에 활용하실 수 있는 분
• Deep Collaborative Filtering을 B2C 서비스에 운영해보신 분
• ML 관련 Low latency API 개발 경험이 있으신 분
• B2C 서비스의 실시간 빅데이터 환경에서 Online Learning 또는 짧은 주기의 배치로 학습해보신 분
• Devops 경험 (Infrastructure as Code, 배포 자동화, CI, TDD, 모니터링 등)
• 서비스에 대한 애착과 책임감이 있으신 분",서울.한국,https://www.wanted.co.kr/wd/90288,"React
TypeScript
Next.js"
다인크레스트코리아,"• 게임 통계 개발 경력
• Billing 서비스 경력",서울.한국,https://www.wanted.co.kr/wd/85840,"Git
C#
데이터베이스
데이터베이스 설계
SVN
Spine
클라이언트 개발
모바일 게임
Unity3D
데이터베이스 관리
모바일 게임 개발"
그립컴퍼니,"• 하둡, 스파크 등 대용량 데이터 처리 시스템 설계 및 운영 경험이 있으신 분
• 대시보드 및 BI툴을 이용한 데이터 시각화 경험이 있으신 분
• AWS, Google Cloud를 이용한 서비스 런칭 및 운영 경험이 있으신 분
• Redshift 등 데이터 웨어하우스 운영 경험이 있으신 분
• 컴퓨터공학 등 관련 전공자 우대

[Tech Stack]
• Linux, Python, Java, Scala, Shell script
• MySQL, ElasticSearch, Redshift
• Airflow, Spark, Hadoop, Superset, Metabase
• AWS, GCP
• Docker, Kubernetes

[전형절차]
• 서류전형  
• 1차면접(기술면접)  
• 2차&최종면접(문제해결능력 및 Culture Fit)

*직무 및 직책에 따라 레퍼런스 조회가 진행될 수 있습니다.
*정규직의 경우, 3개월의 수습기간이 적용됩니다. 수습기간 평가에 따라 수습이 연장되거나 종료될 수 있습니다.",경기.한국,https://www.wanted.co.kr/wd/82387,
데이터라이즈,"• 좋은 코드와 설계를 위한 고민 그리고 테스트의 중요성을 인지하고 계신 분
• 코드 리뷰 및 의견 공유에 있어 적극적인 분
• 내가 만든 작품을 고객이 직접 사용하는 순간! 그때의 긴장감과 뿌듯함을 즐기시는 분
• 작은 규모의 회사에서 좋은 업무 문화를 함께 만들어 나가고 싶은 분
• 새로운 것을 배움에 주저함이 없고 주변 동료들과 나누고 싶어 하시는 분
• 팀 플레이어로서 동료들과 함께 협력하여 문제를 해결해 나가시는 분",서울.한국,https://www.wanted.co.kr/wd/81834,"Spark
Python
SQL
AWS"
베스텔라랩,"- 슬랙(Slack), 노션(Notion), 지라(Jira), 피그마(Figma) 사용 경험이 있으신 분
- 자율주행 및 빅테이터 플랫폼 구축 유경험자
- 관련 학과 석/박사 및 자격증 소유자",경기.한국,https://www.wanted.co.kr/wd/81735,
아이헤이트플라잉버그스,"• 통계 학과 전공 또는 이와 동등한 수준의 지식을 보유한 분
• MLOps를 구축해 본 경험이 있는 분
• scikit-learn, tensorflow, pytorch 등의 머신러닝/딥러닝 라이브러리를 사용해 본 분
• 데이터 지표 분석 툴/프로그램 사용 경험이 있는 분 (BigQuery, Tableau 등)
• Kaggle/Dacon 경진대회 참가 및 머신러닝 경험이 있는 분
• 다양한 사람들과 적극적으로 소통하며 문제를 해결하는 팀 플레이어 성향인 분
• 에듀테크 스타트업 경험이 있는 분
• PM, 디자이너, 개발자 등 다양한 직군과의 협업을 좋아하는 분
• 데이터 모델 개발이나 데이터를 다루는 열정이 있는 분
• 논리적으로 커뮤니케이션하고 토론에 적극적인 분
• 네이밍과 읽기 쉬운 코드에 대해서 고민을 많이 하는 분
• 새로운 기술을 배우는 것에 즐거움을 느끼는 분


[근무 환경]
• 수습기간 3개월 근무 후 평가에 따라 정규직 전환 여부를 결정합니다.
• 주 5일, 오전 8~11시에 자율 출퇴근합니다.
• 서울 영등포구 여의대로 108, 파크원 타워1 38~39층에서 근무합니다.


[합류 과정]
• 서류전형 → 코딩테스트 → 1, 2차 인터뷰 → 처우협의 → 입사
• 일부 프로세스가 생략되거나 추가될 수 있습니다.


[제출 서류]
• 이력서(필수): 자유 형식이며 PDF 파일로 첨부합니다.
• 포트폴리오(선택): 본인이 직접 구현한 내용이 담긴 Github, 링크 또는 PDF를 첨부합니다.",서울.한국,https://www.wanted.co.kr/wd/81512,"GraphQL
MySQL
JavaScript
Node.js
Python
TypeScript
AWS
Nest.js"
피플앤드테크놀러지,"• AWS, Docker, Hadoop 사용 경험 우대
• 빅데이터 관련 기본지식",서울.한국,https://www.wanted.co.kr/wd/79517,
바로팜,"• 이커머스 플랫폼 정산 관련 개발 경험하신 분
• 대용량 트래픽 운영 경험이 있으신 분
• 코드 리팩토링에 대한 경험과 이해가 높으신 분
• 효율과 생산성을 고려한 설계에 능하신 분",서울.한국,https://www.wanted.co.kr/wd/66521,
휴톰,"• 박사학위 소지자
• 의료 데이터(clinical, omics, NGS data) 분석 경력자
• 3년 이상의 프로젝트(설계, 구현 및 평가) 리딩 경험이 있으신 분
• 빠르게 성장하는 환경에서 다양한 챌린지의 매니징이 가능하신 분
• 팀 단위 조직 운영 경험이 있으신 분
• 국책과제 실무 경험이 있으신 분",서울.한국,https://www.wanted.co.kr/wd/65620,"Git
MySQL
React
Node.js
TypeScript
PostgreSQL
ORM"
데이터비,"- 데이터와 소프트웨어 기술이 사람간의 의사소통을 더 원활하게 도울 수 있다고 믿는 분
- 미래의 성장과 성공을 위한 계산된 위험을 두려워하지 않는 분
- 자연어 처리 기술 개발과 활용에 대한 관심 및 경험이 많은 분
- 새로운 것을 배우고 성장하고자 하는 욕구가 강한 분
- 말보다는 결과물을 통해 동료의 신뢰를 쌓으실 분
- 상사와 동료의 의견이 본인의 의견과 다를 경우 근거를 가지고 자신의 주장을 이야기할 수 있는 분
- 영어 의사 소통 능력 향상에 관심이 있는 분",서울.한국,https://www.wanted.co.kr/wd/64852,"Git
Python
SQL
AWS
GCP"
워트인텔리전스,"• Full-Stack 개발자
• 검색엔진으로 서비스 진행 경험
• 유지보수를 고려한 코드작성능력
• 문제해결 중심 협업능력",서울.한국,https://www.wanted.co.kr/wd/57830,"MySQL
Oracle
React
Java
JavaScript
Kotlin
Node.js
Python
TypeScript
NoSQL
Docker
RDBMS
ElasticSearch
Spring Framework"
더이앤엠,"• 데이터 모델 검수 및 가이드 경험 있으신 분
• 데이터 흐름 분석 및 데이터 표준화 경험 있으신 분",서울.한국,https://www.wanted.co.kr/wd/53389,
아이템스카우트,"• 머신러닝 / 데이터마이닝 / 통계 / 수학 등 관련 분야 석 / 박사 학위 또는 관련 업무 3년 이상 수행하신 분

• 대용량, 실시간 데이터 처리 아키텍처 구축과 관련된 직간접적인 경험 보유하신 분

• 머신러닝 / 딥러닝 모델 서빙 최적화 및 배포 경험 보유하신 분

• 딥러닝 혹은 머신러닝을 활용한 분석 과제 수행 또는 공모전 입상 경력이 있으신 분

• 대용량  트래픽 서비스 개발 및 운영 경험",서울.한국,https://www.wanted.co.kr/wd/45268,"Git
MySQL
Redis
Node.js
AWS
GCP"
테서,"• 이공계 석사 이상 학위 보유자
• 의료/보건 통계 관련 기초 지식 보유 또는 관련 프로젝트 경험자
• AI 논문 모델링 직접 구현 경험",서울.한국,https://www.wanted.co.kr/wd/44144,"Git
Python
AWS
Docker"
워트인텔리전스,"- Full-Stack 개발자
- 검색엔진으로 서비스 진행 경험
- 유지보수를 고려한 코드작성능력
- 문제해결 중심 협업능력",서울.한국,https://www.wanted.co.kr/wd/38844,"MySQL
Oracle
React
Java
JavaScript
Kotlin
Node.js
Python
TypeScript
NoSQL
Docker
RDBMS
ElasticSearch
Spring Framework"
여기어때컴퍼니,"- 이기종 데이터베이스 마이그레이션 경험이 있으신 분
- 대용량 트래픽 처리를 위한 Database Architecture 설계 및 구성 경험이 있으신 분
- HA, Load Balancing 구성 및 운영 경험이 있으신 분
- AWS 서비스 활용 경험 (RDS, Aurora, DynamoDB 등) 또는 Cloud 서비스의 SQL 활용 경험이 있으신 분
- e-Commerce, MSA 에 대한 이해가 있으신 분
- ISMS 인증심사 대응 경험이 있으신 분
- Data Backup 계획 수립 및 인프라 구축 경험이 있으신 분",서울.한국,https://www.wanted.co.kr/wd/30861,
워트인텔리전스,"- 대량의 데이터를 파이프라인으로 다뤄본 경험
- 검색엔진을 다뤄본 경험
- 데이터 레이크, 데이터 마트를 구축 및 운영해 본 경험
- 다양한 데이터베이스에 대한 이해 및 사용 경험
- kafka를 활용한 환경 구축 및 운영 경험",서울.한국,https://www.wanted.co.kr/wd/26823,"MySQL
Oracle
React
Java
JavaScript
Kotlin
Node.js
Python
TypeScript
NoSQL
Docker
RDBMS
ElasticSearch
Spring Framework"
케이티넥스알(KTNexR),"• Big Data 관련 개발 경험 및 관련 Open Source 사용 경험
• Hadoop, Spark, Kafka, Druid, Zookeeper, Nifi 등
• 솔루션/제품 개발 유경험자
• 고객을 생각하며 서비스/솔루션을 개발해보신 분
• 자신의 생각과 타인의 생각이 충돌할 때 흥분하지 않는 분
• Java로 내가 생각한 기능을 만들 수 있고 왜 그렇게 만들었는지 잘 설명할 수 있는 분",서울.한국,https://www.wanted.co.kr/wd/13250,
케이티넥스알(KTNexR),"• Hadoop 및 Hadoop Eco 활용 가능자( hdfs, Spark, Hive, Presto, Zookeeper,Yarn 등)
• System Engineer 경력 3년 이상
• 프로그래밍 개발 경험 (Java, Python 등)
• Technical architect 수행 경력",서울.한국,https://www.wanted.co.kr/wd/11997,
